"HolderAddress","Balance","PendingBalanceUpdate"
"0x8af700ba841f30e0a3fcb0ee4c4a9d223e1efa05","12,898,561.808591235860652115","No"
"0x5555551fc55b8800db43b69a3c4f468d413578dd","9,975,598.063712628772896523","No"
"0x6e799758cee75dae3d84e09d40dc416ecf713652","2,471,088.446190017556359636","No"
"0xb00543daaff24b5e81a502a79a888ade2b085d5d","2,293,259.559281261678543992","No"
"0xaa4cf724a400f6fc7e25e177fc6ef68857712285","2,222,430.329776933818869431","No"
"0xc253b19091852b0a05728241946fd3e80f089664","1,513,806.976064655513700688","No"
"0x2639db27d59d2a1b4e4663f45e489ed9bd2e5e10","1,466,876.614014747623366244","No"
"0x111069efb5241d44f527f2f28eba5d26d7a2f8f0","1,390,899.080892486494072745","No"
"0x9bef6bf8e6b1ed4f8b6f2db3c1d86df19eebd454","1,321,937.284637613957202557","No"
"0x9edcb464c0afdd01a5ffbd09309b437c7dadeab3","1,241,683.986827995397970849","No"
"0x7612d3ef4edd72fa98086e45430047788e52b9f2","1,139,562.377860531347577305","No"
"0x1f89253802aeae9ec508350ceba63e5d43fe99a3","1,094,363.077449269870757476","No"
"0x64627901dadb46ed7f275fd4fc87d086cff1e6e3","1,081,971.120266815473756166","No"
"0x9844c3688daaa98de18fbe52499a6b152236896b","1,018,078.752460173317446484","No"
"0x57655b342b7bf1a1134b572e43eb62bbe56bf7cf","974,050.308258073822756105","No"
"0x78bccd5d99c37c74e5b820a3a1627aaee7871567","781,199.818778322367800155","No"
"0xf0043b2669e4b9b80e0f3ad10b8d1d682ebda71b","758,771.603513969815861803","No"
"0x5602605a0a3c9ca48f48057e31f328f40e2adcb8","747,040.602830545113902088","No"
"0xbdfa4f4492dd7b7cf211209c4791af8d52bf5c50","713,692.77271608345583447","No"
"0x3ccc596a2be298ff9e94bc583bc1de6429cd0f0a","536,442.975304680345290258","No"
"0x5a40ab806a038afe9c4ef413d36b6356a5e4d2c5","507,343.01703429380304778","No"
"0xc8810fde8e6f0911d8b180e03c367b2a2838bad6","505,255.562140699472729322","No"
"0xf6335f7ed06f99d5596c153f9242ee4b8e09ef59","502,990.916260589397251429","No"
"0x31d3243cfb54b34fc9c73e1cb1137124bd6b13e1","484,232.260401073024787194","No"
"0x3e9dcbe355af8893aed161d0fb6ec4f9f553a6dc","478,294.294877063222250197","No"
"0xf8a5a74066a16ab59a893a116bf12debf0731c69","477,534.407160038380082037","No"
"0x26e547a9f3fd90e49a9a85a91001ca3f7ba2c81d","405,186.182389629001558851","No"
"0x121df6cf9d35c240aa191dc045e24b4f4ef4fa5b","385,108.607154002329082565","No"
"0xd2eda519196fb6baa1aa602820130ef3093f9c23","369,481.742875513088970058","No"
"0xbe540a7daf95accb7f4dffc3f72d215876f40010","367,319.374734941024320071","No"
"0xbe6698cdc1e9f65d8c5149f3adb2603b0385ffcb","355,095.047685669030569957","No"
"0x44431068f68417d9afab4462bd01584cb0a57a9e","293,272.239545825422509144","No"
"0xe0019d15f39ec9e8007acd7ca0776dd90eb3d333","272,275.731747578539214964","No"
"0x5dd596c901987a2b28c38a9c1dfbf86fffc15d77","269,878.961633752290213885","No"
"0x6ad977aa58ebca43ee1be688274c037be7a7a0e5","269,547.371714873230483196","No"
"0x0cbe5e4df430480ae5f095aebcb27cf012f44d51","262,806.297251337757458534","No"
"0x0e1ad0fefd3a7603e39db2a02e4e55bd54ec1c8b","257,857.372116286906762939","No"
"0x9f5237babaef17324d4fc577a35dc0c40d4e2164","248,598.157260087686886703","No"
"0xf2b889437f243396b29e829908b5d8ebe2e13048","247,387.27008527117457727","No"
"0x9a2a20091c094c2c3f846d677674ae8ca7285251","244,549.472880207560537786","No"
"0xef5311dd95f4d3f8be88a3dc3ea71b48e71a12eb","240,692.453120875421885774","No"
"0x6780ac060fdcba20ae02a6197c84bdc70cf8716b","236,070.27548907889602243","No"
"0x71f12a5b0e60d2ff8a87fd34e7dcff3c10c914b0","232,448.136812178846942086","No"
"0xf0dfb4e59a9e6bd52df1435194849bd1a64889ed","215,493.224433413330886956","No"
"0xe55c83a72ed2f9debbc3edc8037f5aa82086e9e8","201,906.27637390969064688","No"
"0xba146536cc1585b2e192358263197ac1dfb87639","200,078.724544167432032857","No"
"0xf24a872344d7e78e6f9895a57b672d93f29d3100","199,524.898372063710544946","No"
"0x058b10cbe1872ad139b00326686ee8ccef274c58","198,300.231583200820139106","No"
"0x77e3dae164c3145452b81f5affb2e8c6f0a226c9","194,695.199199355595281971","No"
"0x80878c3e0a19f25f126425e4d4e0aa944b67a51f","192,536.007505742047930303","No"
"0x20eadfcaf91bd98674ff8fc341d148e1731576a4","191,204.923423471719062635","No"
"0x32d08fde723c687a2bc6f5321bae63c7189483ed","190,950.555404551367758389","No"
"0x7527557858b4b40f9199a49ab3746179f36bd9d8","188,230.816688334807891299","No"
"0xa15071f4a6274cd8520ea1032ae36fd8685ad5f8","178,991.294798260751924877","No"
"0x5eac117187cac1e5654080835b086776fe2ec179","173,319.4207579836875588","No"
"0xd0ea4fd0073ae1d8910aedaab679d8e51a879ce3","171,513.218863616225931515","No"
"0x3be3a8613dc18554a73773a5bfb8e9819d360dc0","170,395.113027759559210027","No"
"0x07930c93dcd3425b9ebd67765e28a0bbdb0d5893","166,803.888615342540220715","No"
"0xf7961aa21fac3fefedeb90723a0cf1bb7ba053c9","162,510.222605093587973294","No"
"0xc7316e3d768b79adf4d9b9a85c234ae181056659","162,420.066933114275987992","No"
"0x30d883d8805bb6e5feb9334913cd4798c1e32ff6","152,796.122444763836132088","No"
"0x21b7641470b6d78a24310ffd785bbff7361c6b28","151,656.879058675059437027","No"
"0xa1eaac6a5711981aa1006e2cddbf5e218e814cdb","150,032.686466224514672151","No"
"0xf6077a097e2be98941d79be2b285d085716639d8","147,714.077318617846387814","No"
"0xecf48d0cc25ac3bc17beba5f773b896da1ff0783","143,338.9465218296023203","No"
"0x4f2bf7469bc38d1ae779b1f4affc588f35e60973","143,326.526249164871703131","No"
"0x98de2e6749be6bd822fd65bfc957210f48bac007","143,210.545136608014934961","No"
"0x4a5d1524a2dc7b2b832dc3b37e1dae3da1e975ab","136,180.952192087125982574","No"
"0x8530ddd0508148c12595f3bce669918ebe3b1432","131,616.714250272430031487","No"
"0xbc84b23a7a85d2a77a077a3fa9368400e2bb8c12","129,985.343146980725669168","No"
"0x602bca87173b0031edc06f85ca93471a76dc3821","129,287.773887322872723552","No"
"0xebe0e32adb9eac297ab356c78034d93d77e65256","129,078.144420019565147764","No"
"0xccfa52dc1d1720c8dbf689baac6cfcf12b239e33","126,923.313542801311180971","No"
"0x9f127b66b1620d97de98746c27e245612e40285c","126,910.870909686672629654","No"
"0xf83c4ccf2556d45b9f670900343885549f612240","120,935.867691926155218862","No"
"0x109e8d93943e519e1ef75335a1757e05b71a2e9a","119,391.632465733843321326","No"
"0x4c2b7ca8759951709df9b1afbc6c2782d4f35a75","119,147.493186695701594184","No"
"0x5919b35d2bde7eed1f4661f050244190de6c6c11","114,486.488132477569871601","No"
"0x76263ab5a2c0f39055f8695901721e9efbf9d1d6","113,080.643158583070270404","No"
"0xb0d28072304f61132d62dcc4078d0d2ddaa73613","110,762.62361604881903646","No"
"0xebd8270f0ec3ffe74f81e144c4970ff1d4d02bbc","110,365.790820950189965479","No"
"0xac4fb9cab52f0932e6343d207b0bffb1713dd998","108,150.569539717747570534","No"
"0xf074d594ef33dc5af5a922c2a7c9c906cd5ffa4b","108,005.788653643791620639","No"
"0xf7eec250d1096c330de38bc196f14442e9e22fa6","106,755.483937985257793643","No"
"0x9f737ab48e7eee2ade8fe37108bf371975db45a8","103,689.793349250189801711","No"
"0x8cbcda0cd7df045cf7fbf4b477dcbdea3d88746f","102,209.65009207429896013","No"
"0x79e40ab4bac23e2910c03e2fc24819fe498a9491","101,585.628675757975682901","No"
"0x091aaeae9a2a86d855e9602a42c85099c11e05c1","101,266.780687564690775448","No"
"0xb3cb41b988b0cb278a5896212a69df42960bb9fa","101,177.230208076853194801","No"
"0xf9aeb52bb4ef74e1987dd295e4df326d41d0d0ff","100,681.397278143013478364","No"
"0xfab10aa58bf87a3499bd5b603af8c442fc48cbac","99,132.133898641872897668","No"
"0xb3b45cbc7b4650035a15c4e858bf7c21667a4741","96,291.200941099790518385","No"
"0xc2e47e8807abe8d25d121646af3f2c869e1918b1","95,700.645785393966823724","No"
"0xd40f538d5d7f0630ac173e3c3059dfc1c0867834","95,693.543659744984846409","No"
"0x796ee28ce42bf7bd43a09acd43fad0aacd7c3b29","95,683.735062264721349902","No"
"0x9fb9fc9296e9e5f3c1532a50bee89715a19161fe","95,604.703558491854307229","No"
"0x327418f6f6b62c2b648302e24307a0b973e37673","95,514.669202423181216683","No"
"0x9a80eaeb969002b40102e506c466f7a126a87623","95,510.067405990079619134","No"
"0xcd0e5d60cd56164391998f9de244a3107f9355af","81,715.448880211888770572","No"
"0x061c594850b9fae25cb8f832cf24e69fb0cfe61c","79,202.541051716470136968","No"
"0x28d664b3d47c7f5980f94ba97adb9f2c9462560c","78,473.45843423635846624","No"
"0xc58d3ac95f19db4719b070a7c02ad2525921f9f9","78,254.402822928226026795","No"
"0x0a200f2ff5e0ef31a7ed91906a78c6f361023b24","77,709.888170805302226388","No"
"0xa9ca54c3bf965a4914fc205abf1dd7494150bfb0","75,392.315101944248811407","No"
"0xbf451dd768c2c88ae1e61a7c7e066b572b8c36d8","75,231.20686169719539464","No"
"0x756cc95ceba16adcfc829f5a45549f1976dc36c7","75,152.186736212858618725","No"
"0x886d87047dd967f5d03cc40822b73bd3902471e0","74,559.616775422298635638","No"
"0x04afb9f8c5c8e53415fefa33b03167336b51ffa1","74,487.17711489317573869","No"
"0xa0d9ab615cd3652ee8e699f068a5411ccd1db72d","74,473.224765441769478243","No"
"0xae4eef02e0ee91061115fdf580d725d1544a2922","72,799.943298006380776313","No"
"0x0b2c2bad715b981d050872a7805013b0abe7b694","72,727.852865217060968314","No"
"0xbddf6d5a82ab011b692ff4aa9d75bf675d1d785d","70,667.861210373318465663","No"
"0x359742b0bc8d2623c7c28461bfbb5b0d266db719","70,410.091588894136862528","No"
"0x2b81cf00392506d1ccba003d400e32af8d0861a9","69,909.222560493561149822","No"
"0xb5fb748ec3e019a7ed4f6f701158bc23fa3a2626","66,980.367116286534708809","No"
"0x634afae222af1100ea228746ae23225ff5c15af3","66,336.813432569545009896","No"
"0x5a35eed71cfe12b9bc50d4e441f42238dc744861","66,144.799665577178673467","No"
"0x16f037a3ddf53da1b047a926e1833219f0a8e1fc","64,759.453870012028899063","No"
"0xa0f2e2f7b3ab58e3e52b74f08d94ae52778d46df","62,759.977906352602638485","No"
"0xd5432cd4cd98f201afac9998b35ce9731da1b498","61,542.735034139691102072","No"
"0x101c2919dd5743cc7728a9de3e551e6c7794a06a","59,118.503256211611143081","No"
"0x1fda682c885ffa41355cb957644ea1bddeda2206","58,354.02330507207904719","No"
"0xe8bd4c370619c6c6722aaaa9989fccd7425e706e","57,646.689933033111874329","No"
"0xc6554edd633726d569946c35181bbec3a73f6424","57,385.022853688715741088","No"
"0xee3b4528e28c3dd86d9e83f7eb04f5afd53b0d8d","57,292.834390298879597273","No"
"0x991cec65a906b5727b32d175cfc550673a20ed17","56,799.7358785183481914","No"
"0x7d83fd5e4a2c40f99801be3748de1de6ec189a12","56,789.069664748117524669","No"
"0xdb611d682cb1ad72fcbacd944a8a6e2606a6d158","56,629.421085218303523392","No"
"0x0d8e931a2743bfb50d1429ec1e73a466a4fa9bb0","56,324.136068060731857737","No"
"0x992cbf662121648b4375532b837a6df1c699e29b","55,781.498863466906424673","No"
"0x3754bac7ff1f26877237d156e17e3c425015253c","55,603.17358229586309772","No"
"0x2f2ad3e2c160d3de9503bb63b864ee8358cc5050","53,774.376300511584160135","No"
"0x5deb8b6f0147be8e6128cbb9a58c2ccb506ff58b","53,385.455450914608267789","No"
"0xc171be3cec4d93503e14a1eb65e5e63d504915a1","50,763.213762640990347544","No"
"0xb3252e1933de69550df3cb647c049b4799a70345","50,755.832992051888991017","No"
"0x1b7ef850900bbf68f58c494f92c07fc953be709d","50,693.112976931983706728","No"
"0x2fa95b1cf56f656c61d67d5f84d9e3d7ebe31bc0","50,670.567845019863524815","No"
"0x377f81f6fcf37cc9ab9d52cd3d396ab454e0ab65","50,659.706077702659329906","No"
"0x009e0477862556eb342aece8d21b66b679351312","50,482.807373578539164763","No"
"0x603735b838d6bb5221a57f40ee6b11ac59bccdb3","50,449.657050022028291895","No"
"0x578bedf58b1294774c1ebc45ce9f5d8a7633828e","50,448.841580138019234575","No"
"0x362644989e5e8ac9ae553a47e6105e17155f147c","50,390.445646871196763013","No"
"0x9ae52c540d8043247d862de7bebf7a0184411a7f","49,966.020604592463620519","No"
"0xc756eae1a5cb10c4d77c68436d8088c12e357f7b","49,759.082179671271115174","No"
"0x121f44dbaf5f201208f6b8caa961b6688770eac9","49,738.75171895074821202","No"
"0x56a284acbd7318380fc8a380cd5695bb14b5a0ce","48,939.720786185261308942","No"
"0xfb61e503d5572896d6590c29613e799d49766652","48,732.186342801717123324","No"
"0x96e5e99c661c90625b7a5d7a76ac1a40a1daf0ed","48,409.438799720014410563","No"
"0xcabe2982790d97af3572d5ea5d20e6c7479163f3","48,046.85294065861569461","No"
"0xedea170025e0a3045f96fdd44eb816e7cbe0bad9","48,026.588543357957989687","No"
"0x757927b2c41d62cb31a9d802d880a69d02e4ad34","47,866.2581153658814475","No"
"0x3ed3f3ad68fe48cc7dcef2b952fc2148d1d33a18","47,836.176822478550868402","No"
"0x8577b84527ced5d2d9f299dc6027a9e049c17d6c","47,601.241854191724793936","No"
"0x046d9eb831715e6593ec19b65b912b0bf562689f","47,335.222068252384698739","No"
"0x51b0eab5e7aef09d268d20d2c2c0c147220d6535","46,346.441514774108811555","No"
"0x59b2b7c2cfc1139de1a916ae56dc5971e1e8383f","45,517.177128154133189664","No"
"0x53f2736fae551c998d4e72e519f1acf474264de4","45,225.618040958035172364","No"
"0x5a28038acc5bf94c0fcd21f01a06b2652df3191e","45,197.671178107635327934","No"
"0x605bd335afc1cb171dee86fd2ed69eb70d508d08","44,557.644090000633912931","No"
"0xacacb98d4419e37aec57b738f7b2f6982d0075bb","43,154.818953230329766504","No"
"0xc7d36f9145dbe07faffe092a7e9543306c77ce71","42,984.671406161847690846","No"
"0x0ac600ef6dc99b17178c049318f9e24b019d62b3","42,868.534642564274072307","No"
"0x915a7195ea95fe0d62274b7e01fc1d540c3bfb68","42,799.72580898344548059","No"
"0xa49c88ca2f55cc50ed0962808dd719ce925e8154","42,350.114302598426406282","No"
"0x77a3e747f34043d68864acaf95156e2174f893c6","41,168.047114887781013085","No"
"0xab3a3c907ebe59eaf6e5a58918ef1798c034a71c","40,827.533571370004941301","No"
"0x23f78babc345f483468752bcc12cd83c470bcf80","39,958.533940389736177253","No"
"0xe24f1714203518c0972f9e81286e273b445980b5","39,663.354554588575569303","No"
"0xfd26f25d6588b752a90e600aff038a654d64a42c","39,280.667519306377392127","No"
"0x7d7cce661559e9b123415f30df4a2e631e133126","39,219.206809728472912302","No"
"0x459fea28e89e7b6dcc005f08eb13089a3edd1c94","39,077.090531499266168051","No"
"0x632adf007b697bed10eccd7f4aaa307b8cdc88ec","38,673.741054715490196136","No"
"0xb8a4eae88a3ad58de06ee3c8ede951369106a84f","38,337.548241313783668776","No"
"0x722650f88c406aa84e13d917142ff5b3ef5bcac8","38,325.449779680473552494","No"
"0x39f9b32c5006d48d0eb9fda03f822f34b29e853c","38,132.939576272451852001","No"
"0x16a703e1100ccef9a5dd2bb29d687d5cfa0cddad","37,989.085461544468885502","No"
"0xbf9f55cf8cb2d8cfdf177d765d7c32bee5a76280","37,895.218630932203170674","No"
"0x9464d0bf7aa108e2918b60cce2d82bebde309252","37,469.052361529576285177","No"
"0xa9ff51f526b583911cf5e0e5c98a565b1375c3fe","36,426.665365077731418988","No"
"0x23807a3a3aa81c66c91affdab9f84255468e2175","35,782.565397436148159752","No"
"0x51c06ecc4dbd9a6df156843ce7761caa79e080b7","35,590.491978075464414208","No"
"0x439b5e3b9af606327558add370197d3a7c492d7b","35,067.917486827169282565","No"
"0xf5a46e045709eaef7033d6d957498a1bb17bbd13","34,918.856257901079576632","No"
"0x106e515c1a5c61fc22e13be7a66ab8bed3dde2e5","33,806.200193201843319442","No"
"0x86a76669cdf8473731cd40b3d2c5ea46a2edf71c","32,534.662753576943697595","No"
"0xe5d882ba0bbca7945c8f2f09b1d8cdebb6e0e92f","32,145.090204441013101345","No"
"0x4ab69e2ebd2b39c8b31cd0aa8a7d11f0a53ba575","31,098.711292024853655972","No"
"0x75a8816b106f973424d2a2ceb5b277179d1a79bf","30,872.209138277912046228","No"
"0x2b5abe232f35350f80f9c3a61761294a467f1ab6","30,800.138571710555623033","No"
"0x1b648ade1ef219c87987cd60eba069a7faf1621f","30,612.87117690959170607","No"
"0x6dd8b1bd490e14bf3da72450d6d6112276ac986e","30,059.650743037164963136","No"
"0x872d3fb74cb230faf1746b4e66971551a010ba6d","30,035.622358617682169958","No"
"0x80fb5880f38185661962e475ac1557817dc9faea","30,023.289148351829459129","No"
"0xa64d0e898ca91e8bb05ff75321076b5588e88db4","30,019.865142014463502902","No"
"0xd8fa8dc5adec503acc5e026a98f32ca5c1fa289a","29,872.296386660102939803","No"
"0x639e37f53de0ec1dadc1373f0f345200e754fb09","29,683.595036788266509166","No"
"0xb60d70d3b841a245b9526149f7e4fbc5292a271a","29,083.925186312501872101","No"
"0xb89879c6074e6d90c46d06a3c1dcfb554823e294","29,066.505229133072860622","No"
"0x362e90b61ef87114e49f15a8c4091c682de180ca","28,866.819227493502200043","No"
"0x6ee5b28005d2469080d942d071faac9a46f5f80c","28,461.751606702901315681","No"
"0x5023d6223c326e1d4eb4762c2e38a3da90779544","28,439.62003652252153824","No"
"0x5ae36d7acd459302876b2d1c312d5c2b0507b794","28,177.445015944760144538","No"
"0xa27b8ca845ae157138caebdc2424e6e5fb841746","28,089.682808827073116012","No"
"0x54739691f704649c041aca4efd22a3600ece4178","27,453.762265351281081061","No"
"0xb1fe178e0175bcccfa379152ef175bd96bcac5a3","27,349.113118459712800821","No"
"0x38c9ecf2858cbb06053f14f0139cb5c217e67a91","26,473.326134917606282107","No"
"0x920f9fb367c457819ab678af65a854995d74a0af","26,205.87725320761462006","No"
"0x5039729c34b2634a99ff81ea3826e9e73cad5398","25,952.485321868574852234","No"
"0xb8fa0f74a71b700a8f04032af05ce3524ee11b90","25,534.095251648173212421","No"
"0x3f3b5316be08ea5d449267c197d0c8b212c4bcfb","25,462.597584553040578791","No"
"0x3def11baaf371cfada29ded56df690680366a99a","25,263.53340053413558877","No"
"0xf9b9f66077ca02cef2f5e4c82e19bd66868b635b","25,243.487603930274698665","No"
"0xc73f898eb9ef49641502d5921d5c56d5397c11b6","25,236.381522621294889626","No"
"0xed96ec332b21c417a907d48f021120f727494004","25,042.969335531183843497","No"
"0xaf4da3bec83da5bbdfcef872e16cd78b26a97477","24,903.042692615021923474","No"
"0x36aee42f343ed9d1a434371068a650c96055791a","24,838.101163313103202012","No"
"0x9333400441651e4c3866fa3a43207b22cb887c26","24,736.509946576662413058","No"
"0x80b53eb6d63067d4bbfa725b667f813bcde7a6dd","24,658.31012658824212549","No"
"0x262405add9959287b065666cc82512b284092d3f","24,635.290398526100213909","No"
"0xcdf91756b141d1998b25977ad41ac0f062ed317a","24,459.165793286474075151","No"
"0x7608d555a43079046658d86c78eed72535e5f518","24,425.157741283173944031","No"
"0xde2d40872ffbc52b35829eca55fae99acd8aa3e7","24,136.338197826555625086","No"
"0x49db86cd04a63649ef9f9905963baef7dad0c9bc","23,993.757934617272322612","No"
"0x027302d0f59be4180cb82e8c7bba54c2f9ca7158","23,968.063985312506947274","No"
"0xc25d35024dd497d3825115828994bb08d12a3aa7","23,917.603510655816981056","No"
"0xdc04703855a5fd08f577a22f987fb41e49348a9a","22,925.594576635966185578","No"
"0xf8cb8c295eb276e4413a0317ea9a7109084723b3","22,813.458537151362342899","No"
"0x1b72bac3772050fdcaf468cce7e20deb3cb02d89","22,338.892526503794335656","No"
"0x627273a2d7f89b58b0fc0bc4bba795058dc8b0da","22,318.419618502226874056","No"
"0x8a6b6921c50d87a5ea828d1cfdf387dff1eef5db","22,212.333301011285476295","No"
"0xedb5d2378e7066a92d62fb8fa5b1433c63f2d79e","21,914.486208183709623963","No"
"0xa4ce45794200831c5839db8982d6ebc6fcb7c82d","21,734.710945492156429764","No"
"0xa212763d2bddb0bd704f1df9ab9f3a6b64aca633","21,717.162760812689207711","No"
"0xf0d40378cccf031b179577f14f6febb494d2264d","21,625.8892172931487417","No"
"0x4e69e8c6b110d094f8d96c6318fce092cccf5fdb","21,480.595938352978033085","No"
"0x5fa850f6b467f4588b555934a42dfda24ab40d4d","20,983.150609590111023961","No"
"0x2b44d9764fbbd2b07fbc48212aee4da331806062","20,827.253498252104668486","No"
"0x777a26af59ddd567dbe7a4be4799c34408c72873","20,368.077802648875115076","No"
"0x424685f9df711a6d519f13d043894d7ab0e6aa6f","20,258.086571667629258623","No"
"0xda6827f56e62671f446348d12e6815566756d93d","20,225.025707051275107204","No"
"0x9633bac0ae8d720e2016d8268a9030a6acadd784","19,877.967391780363963938","No"
"0xcea292daa1d95c83da4814b9ad07dae391950fc0","19,779.79291930694880166","No"
"0xcf01ceaf894a27025b241dd58cf4366b14a1f9f8","19,286.997978655454678323","No"
"0xc3672e93d2e4ee809ebefa31bf56529cb7eb1f7f","19,143.073577283511632579","No"
"0xccf7872841ba2309ffa42eb0d4b55dcdcf32908a","19,023.609356566727989326","No"
"0x92ecf47d2ce9bd7c45b3f807ee6fac0c91225de8","18,777.726909851161998163","No"
"0x81cfb1afa08a83f11e96ba95db08e4a2fa471bb6","18,732.826442190954873374","No"
"0xc6e1ac5c01c7e9b5551cde4d4fdc70ae5a18cdbe","17,762.381887076115353944","No"
"0xe279bdddf37ed89f59c3ab7626950045febc5012","17,682.168107920134992237","No"
"0x93196959c3d34da2dcb29d206538dfa58d3f178f","17,620.707949411186935697","No"
"0x3616ba9f9f47be4a3560d159ce3ebc1f1fa8d2d2","17,254.504726340611076772","No"
"0x028bba64add3ddb557dfd044773fa0690fa92a62","17,039.941428549219754798","No"
"0xa8ddc541d443d29d61375a3e4e190ac81fb88608","16,920.649259759785404408","No"
"0x3d59a688fbc030f58976d6b4284c461a5776a3cb","16,793.023554860452020006","No"
"0x23abdaf99c0da073b2f51515190d37674ca7d404","16,732.016327522835166057","No"
"0x4ff3aa332fd6b1ee6023fe71d67f595e5b515ea7","16,541.943606368126649137","No"
"0xe4b8dfbafa5fc6d3ec7b501f5a9d3bf1410b11e4","16,526.905252165232482563","No"
"0xc47aa859fa329496db6d498165da7e0b1fe13430","16,133.995958848402060863","No"
"0x0b5f13c246211aabdac9440d3d3281c63caf3a4c","16,126.049954753372889787","No"
"0xc8ca1c02ca26de516cd414b11916ce5b686567bc","16,042.023703022931317097","No"
"0x85ccbe93d1e28d9df153ccc785306edf2d26a587","15,587.000171276165431378","No"
"0x903db2514aa8cf01dc742d5a8e3a67e3f68de05a","15,497.291016312067001683","No"
"0xf9d6d0f7cd8d034fa26f5c81edcd1e3b0d31763b","15,339.164303940507459227","No"
"0x8e67dd5405fd2840c60cfef0b405fc6edc1c0cce","15,338.17717384047811154","No"
"0x70302561609d1a77ace5794fd0984a748ac557ec","14,963.422432447981485146","No"
"0xb873bcf80afa89c2a9e5182f5792d64a03eb4311","14,954.039185045061255674","No"
"0xb489c183b6701f557763a5b2cb82e7a80533918c","14,861.217687064463098631","No"
"0x2ecc24e3f73fc96d0dfac9bd12804b97166395de","14,773.466802600048444293","No"
"0x9deff269b22849889cae9a965769f576a1e72d27","14,486.665631963980529105","No"
"0xc1c68a92b1d73642269075d1dc20c81b502ae11a","14,485.506935148799071229","No"
"0x7366a29950149bc312d868053dd68fd1c83ef790","14,424.567389778061403581","No"
"0xfa8178a99e792f37bbc48150096b3ac230963a8a","14,391.566190997192663515","No"
"0xd10e2b1b66001bd4086d61e43e836ab9c168fd9a","14,390.001067678572334921","No"
"0xc31671a029d6ed8ca7de39c94b9ad2ccc8f6c4e8","14,319.433958375303683486","No"
"0x444def0d7d58679754e3585d18e03c72c46c37f0","14,311.408436766681308031","No"
"0x9d1ad3aa93da59149112c36714c4a1259feb2958","14,285.338681689598636902","No"
"0xea5e723acd5e9f15e88ea0a828f27e9da2ccb9b1","14,241.506318784861371454","No"
"0x947902660bb753b7562fb731c10c2258d4f6ba13","14,147.216329011472006143","No"
"0x3bd0bfbe2d88ff1a666bed5311e251a44253418d","14,118.312410782695464772","No"
"0x2020be650a05c6822f76bebb54e960b7abf8eeae","14,014.952141005385393083","No"
"0x242c501968c05ca3331289dcb415d3abf28dd4f5","14,002.288672662161141563","No"
"0x56e039af0462614db6ca76c76a2233ace21c5fd3","13,742.167289406400225896","No"
"0x3d2fe773b051aa0fab6bf0f35c043b3a650a7be4","13,543.526229150401345945","No"
"0xf474bf732417d42a2866b03aa32f76b722950deb","13,337.185092626443621461","No"
"0x3367ea6db9c72654dc190ae0ba19ff4957f2bb9a","13,294.982661581874494512","No"
"0x5439cd6a99ccf921cecbd454bd9d2c3d5d11f2de","13,193.137915333883407464","No"
"0xb961fd175f9b0da46968652e121681d105281445","13,182.585178283706784006","No"
"0x6ea364b847e8810fb9b031f42d0c140df5b0efa3","13,140","No"
"0xe81700077ae42477296fec4d2a6fe44a44326887","12,844.830319999032298084","No"
"0x4288d61f1d807fbc37378a581faf5b40a60d8802","12,715.054139402502663796","No"
"0xdd839203d23d6359cd85d93a327975f525253e99","12,711.55330347047807815","No"
"0x3537d607aa2cd5ab1c131c97ac0691f6b69cc07b","12,513.804217036717794661","No"
"0x7bef7fff4b2dcfc39ed2ab73a9c4a8c5346b5282","12,456.473602154551718794","No"
"0x7c5930df60ec80cd3a505651124e654649fa2ebb","12,228.682151687541785506","No"
"0x5d5b11c84b6c14f464c5a005b5c33d6407eac3f0","11,981.472560811314823876","No"
"0xe06affb1369e248d4d093c8dedca6dc0ef281ed3","11,919.606376785479400834","No"
"0x14b95377323e844c198c84176d320d61750bc362","11,743.290606677668486639","No"
"0x5798f534e39907dcff65cb5409c58782e0934783","10,856.027138211059235589","No"
"0x84fa40e4fd2f28a93cdac3e3e6d2a8b8cb9bf078","10,819.226462731368151871","No"
"0xcc60ea8f584290752be20c87a82d9957c361bb03","10,533.111090675167953025","No"
"0xa1026c4bbc0180f2cdf791922ee0917c66b42a3f","10,461.198447916785215335","No"
"0xce090f2e691cb9fa2bc95ab2065acb755cafa798","10,378.479400101081813007","No"
"0x47b7b29c8ba1c11a4d8ee6bde31f5c63f81ec0cb","10,310.012717119809061808","No"
"0x4aa1f0721240e90d1e3b1e12d6780a10d772364b","10,160.10190742962807161","No"
"0x580a9583f5414af5ce8b147df777b348dedef5ff","10,157.128253923123573488","No"
"0xb2043c543bb60fb7aa7265cdca359a35c4bc09fa","10,152.682492798895365537","No"
"0xc59cd892ec5bee65950f4bf8198fd3ecd86dbc85","10,129.525883292002638486","No"
"0x1e60c9534a6cb991f99180bcf07f5331e81b3a03","10,101.498167441923742065","No"
"0xfaff1fe10329763265de00a2a7526c726723b2e5","10,099.868969398657373856","No"
"0x1a3e9e9c49d1098aea1f2f8c4c348fb4a8b5c357","10,092.275613915509702727","No"
"0x468c2ede01b07c19d90f6c9b67617d1d7e6e2200","10,034.946408103080618037","No"
"0x53d9f4555af543f296d3b99876699858c1e0c817","9,981.330461208363685918","No"
"0x781f939973ee299a187529fd0b7fee5f9fa9bc67","9,832.445338520514452297","No"
"0x48ab9113730c686e43144a2367f024d787959f2f","9,582.012251555854291843","No"
"0xabbf5a9cc22d1f893646ebe3a52cf179156c3488","9,570.948150716344930132","No"
"0x8d2ae74898d7c068dd9e1a73929dd77b75d819b7","9,536.058516754807716318","No"
"0xa9b1a760b56df3c18a93d596f7851d0d7144c866","9,387.837119577220152473","No"
"0x3d5238a37ba844b96c87ff03fb53784cab2db681","9,365.972059780549906272","No"
"0x17ee97a545a23a7dae715d0e95d5dfc87fe8f386","8,858.679338418779829669","No"
"0x6e97da38a05b56efeda2e860a54f3c386232a90e","8,826.793401772038250018","No"
"0x190ac830b737acfbfa819f1d3ab0a6d702d72147","8,702.054852948706900052","No"
"0x2034cf4a111d4d6dfc70fa53dba401cf863716a4","8,627.663769212984879166","No"
"0x5507084033803c0d805c156017560195b5f51a54","8,614.756543291704787626","No"
"0xf940ae7e8276587210c568bcb7f4243e0985b093","8,502.533711935584147478","No"
"0x42954096d04330a105232594c9298d0e46d0f01d","8,260.143832275259567516","No"
"0x03c4c27563d245859e0c886a0abd80cdc13bd9b8","8,216.22646878328314704","No"
"0x6dc99389b4f67b9f83ba1f68b8bd9287c5ad8292","8,063.555397507731133153","No"
"0xd94ad1a650783ec73867fcc3c4480bbbcfb8a924","7,870.626993701414042295","No"
"0xb2a431882b096436c3ff436fefc5646c5c03f280","7,868.231884856145109951","No"
"0xf4b5ed22a85df12226e2b6c6a673861614dab6c3","7,688.256070001193808691","No"
"0x5a23f19e64792fe846ae3c02c0def98a81845eb8","7,664.141355211807547562","No"
"0xd759ad90a32058eff0851a2163bda37403a55d8b","7,651.065148400776234535","No"
"0xfbbcfc2f4762d716f24d3eab08e2a0fb5442947a","7,522.492845386780738212","No"
"0xdee7b6124649629c749ff1edcb323907e2eeb089","7,510.161478179513535044","No"
"0xc81f7b9bbd22a92a1e8c6512ff18e7606c0d097d","7,157.038816732225175493","No"
"0xbfdc403a22a073b36489aa0255784442ee8ba450","7,133.63253060005229046","No"
"0xe763b1a701074fdebb8c6012d9726c79876e2821","7,127.619783271168629091","No"
"0xd907ed7524220401b0c46aca4709d00f0b9b0623","7,121.828004025823720439","No"
"0x93310e36aae7f2030e61e5562f5f1687d8fa2af1","7,116.589245745650055749","No"
"0x9113ba84af15928808e1a9ee40795718f9ebcb9c","6,950.251101504563926347","No"
"0xb053d6372ed1bcf1ef4775e9c24ad9a2bb4af151","6,940.58399596335787871","No"
"0x42607aa6e6a4e62109d18fae603539c6a66a3c8b","6,298.956347691067223549","No"
"0xaaae2dc1bd381f8761fd799d1230fa8ae7c8da0f","6,297.404166106487003725","No"
"0xa79f75d42d8ee2c41a136bd2895e7179a15098cf","5,753.184168558863343503","No"
"0x4982a5262aa018d290605c6e0c8b873e99e5091b","5,555.451983369817391381","No"
"0x109d95b6b515cedd41aa4fb4c503190977a13974","5,521.205962225985989425","No"
"0xdb5e69ec350b75eae809161c9bf9a5f6e3c4a2c5","5,334.982212710334185486","No"
"0x6c313f5dc8e29d7fef8f9c81344a6e5d6c3478a3","5,328.521883868913232948","No"
"0x989b3c9f5bc4189dfaee8efac99f9638d39fc45d","5,319.758681112780815055","No"
"0xef7d9be5a88af3c6bc4d87606b2747695485e50e","5,271.333253993977186877","No"
"0x504b750bb2c1363889a61cc081bc98c26b267bd8","5,234.15053172599173443","No"
"0xb5c48d8a6aa76d3cb06b47c3a8a2cab4b43e9459","5,185.496476240771503831","No"
"0xcc803585886d30522ff60d97af93ebfe848ae715","5,185.387253112616732003","No"
"0x596df4af8ff502f344c934be82fff5ba287b6a6e","5,166.974042265251449167","No"
"0x64be0bc21d27278ecc02ca24ffdeb60fbf7c2239","5,105.067151550861674565","No"
"0x0eacbaa94aecc4e51d299a99915f64ee96f3b468","5,058.018831937432329544","No"
"0xe17017a9aa3eeb2f692ce5c3bb407c4e677941d3","5,055.112547056598671176","No"
"0x07e6ad10791b7603ef90e3ca185ac7e7b7a0c26e","4,997.788931029820300428","No"
"0x4413fc7bd0fb59f0ad74e25e88e0fa4d41501af1","4,994.461627254748619489","No"
"0xccee77e74c4466df0da0ec85f2d3505956fd6fa7","4,990.186105659767245385","No"
"0x61df2c422274b021460759f342e216010559d695","4,989.110424689311432102","No"
"0x7089ffcb5a272c8d841fdf8c3d305a53ae73ee46","4,984.795437034799874009","No"
"0xc1676bd87a19b10b92950bba52abf07b35a379b7","4,842.03313513876808845","No"
"0xba741aa7fb31fc7f27fdeb5e48ef2c0b6e2953a3","4,829.726769066964440035","No"
"0x251738fd0a150259f9eae0c1d4e5f1e0a3f57485","4,823.549863025828879602","No"
"0x9ef0bdb3fd54e8235c6387714c93f21e49839ca8","4,814.290880631854029583","No"
"0x70f8817d17cbb574462c3a0fbcdf3095ca812035","4,798.571318957608476572","No"
"0xf97d4b75da03605e9a90624046370b033a51ecc7","4,795.446450813313440405","No"
"0x3e290062dcfaa15bea5a436d1f32759e0ad07b0f","4,793.500735898433536296","No"
"0x546a657882a96d07b7e69a184ed7e31e1416b5f0","4,791.716996659016991398","No"
"0x69aca10fe1394d535f11a45e59a93a9d3f268b78","4,786.819676100565917598","No"
"0x915d372f1b56877b8af48a170f88fae0bc2e453c","4,781.209307553636331104","No"
"0x157631afcae82c78f2f1157efbcef1f182cd495e","4,778.557984704242108698","No"
"0xf5a42ca307e70f5a0a9e744fa2c759c5342ecdbe","4,777.474308760908460518","No"
"0x6392ebf3b79b23cd59714ac57b972a65ec405c1e","4,777.03702330747664554","No"
"0x1b6c6ea755fbf62bf328560235ec7266b70954ea","4,718.456613528872845832","No"
"0xb624c54bd1f7c27c3ce446b18ca3fe8c2a5a80c8","4,485.184926759900108179","No"
"0x23588495f225c395a69a4aae1ded59571f6c1450","4,466.637168064746133236","No"
"0xf904398b649a0c0d5aec82a12b8ef9bf3216e1b7","4,368.702094659201711656","No"
"0x72089edf971d79ce9e70705b9a2919039a464f1c","4,277.875196368102581391","No"
"0xca0c5a4b348c85fba75d4ec94144fc17eaf89591","4,255.064933520114953084","No"
"0x47d544473819299b2b7f579b27e10220268ead1d","4,249.656250082187544561","No"
"0xb0291ece2b9c9868fc3d4c62d0ec2686abefde58","4,233.950213452473342479","No"
"0x943672e80419027ccdc7dd4633cd6f1d643db427","4,006.118017850260237834","No"
"0xcb44367acf4ff647c9d278fb89b8e3d9da9aa244","4,005.50067874544756331","No"
"0x491103da2b903de797f76ee70074649e5455dd55","3,978.957495854888333582","No"
"0x045f427a57b10fdc0e6b923951502000a4814fb5","3,862.582914111622526672","No"
"0xbd526246719529ae27d55019d7120b0e17451af2","3,840.119605699375536014","No"
"0x2989d53e9e8828586adef1ec2fa5ff234f5c0b7a","3,799.324553947744159234","No"
"0xab87eb50280a340b42f4eab31db90714b39fe687","3,665.36967646075060444","No"
"0x66329b0f2e46912c526add2c9a927fa2205bed7f","3,634.846229558177778853","No"
"0x5ec1f3c026dbc6a5edcbccaf6d7f06cf8c81cbc5","3,630.834826442727078195","No"
"0x9a14ef7081366170baff7359097ea39b076958d5","3,607.361717299417233091","No"
"0x5af52b96375bbb9dbc9d6f5c40a4c76d07e81ace","3,514.567084233398286567","No"
"0x680b9f6a60f268581da1d2aa6fc5f8280a0a39c5","3,493.210571928218379903","No"
"0x93bf87940e53193dedbdff25cdce0524a3c55006","3,493.170322754961237969","No"
"0xb12a9d1bae6a2220936734792390f5ee5cc8a3e6","3,225.022797536217717118","No"
"0x273d97a1c4873979cbefbd39f5b93d51d035a938","3,103.315855990660351564","No"
"0xd8e609dca1e6b9f2ff3b6bbb34f3d3bf76b8d535","2,905.122157174514463566","No"
"0x229b0624fc8de2ca5e2ce925f9cb064259ae79bf","2,877.413975955358806459","No"
"0xa2c62d587f9c8a8a5eab56cdb5b79539eb06f5b5","2,781.642894702715570522","No"
"0xd01740160ada5323fb54b32ed0b98ec31dd190c7","2,712.020496114616196427","No"
"0xb73bea66a698b41e2f36bf2b86b788b5bb046386","2,705.668503742527120087","No"
"0x3c6745df7a7af0edd79b75699cda14bf630491e0","2,690.744834853136428196","No"
"0x76787410f4a5cf4b90aff67661fa57e425405204","2,633.765202921489709606","No"
"0x08baca7de0f2d7859dce0830660d2a0518fde179","2,576.317574604112031676","No"
"0x5034d35bd94fabc67f49b464a722d70ea44f8887","2,565.051284097962253455","No"
"0xc693b4ffb338579467a541b2bf267b1955870920","2,553.476852630425137987","No"
"0x9fa8e4dedd4c7241ec3f488112aee76b448f90b0","2,525.296155219990130135","No"
"0x8ff51fd619bba1fefd404d7b25459cd38dfb7032","2,470.271266180245510817","No"
"0x88da40012ab3a396b59d77c794365516b3235c6c","2,469.568666193880667563","No"
"0xec360d5376afeb218017a9c48d260f7e3e2a8254","2,397.192564717476067897","No"
"0xfe8d195f6366764679c6a143f1a0adbce1616f64","2,390.081012237244847513","No"
"0x1e594185458d9613af5d212744f5302fedd2c108","2,389.615356153278761275","No"
"0x3aa0883a290ffe7f4c1aba8be2322cc694f58b6b","2,388.174256782924176723","No"
"0x33ec9578cc26d532e13a68924a10c01440e208a9","2,387.782155534356481615","No"
"0x99f0c22c5996571896a4af44ad7aed77244569fe","2,376.93110073455924907","No"
"0x15e64e8390a6f4356b2562eca25e711eb93f169b","2,272.277513023425458921","No"
"0xda31721fd25865b00d729e31bcbf377f1e15c495","2,185.486868158910283189","No"
"0xd6a44070c0ac5b6d1e7f514261ea5b6f9926c62a","2,177.209793641630839489","No"
"0xff3a6eec32c070302fd4f5d49ac859163b58c82c","2,161.401044402759982746","No"
"0x755a513d6adad8486c44e126abc3a739251b0aa6","2,086.444397746431223326","No"
"0xf3b39a390e99b4b317657fb6d139a2de0f44d15e","2,008.114669333947040028","No"
"0xd048a82e2459e80e9f1ba7d3c13db86c2fc6b1b1","2,007.589464163065415854","No"
"0xa20f2166bfb3e7d3e12b96f5fb4a41a27361c33c","2,005.820392826888452076","No"
"0x008f4899a4f4ee19b44266e6b44354574097af93","1,988.22766555038674197","No"
"0xc90211eeb4da7dd45fd4ae6d02445b33ec103e46","1,923.704500435740363015","No"
"0x3f84cb04cc503ed3b2722ddcb8a9101835a4cce7","1,911.3664469849428646","No"
"0xaedc687fa5376d2fe9d4b81ebfc8c2ba30ba54ae","1,785.638693758478199003","No"
"0x9a43e2d3f7d28f0bb8a6b5952dc563ab51b8cb55","1,777.505036524967952033","No"
"0x0d65ca083b13adf71a3ef307ae8afd1632ff50cb","1,766.145367975465300144","No"
"0x3e3a39695a3f45b146fb955c8ed276e543fe5e04","1,695.036290417327306759","No"
"0x48d6445bb702db304ee7cec7e407c2547a1d52d9","1,687.800330249390538328","No"
"0x21387a57a16186737599447802a3dab57df17c45","1,612.843058157878484788","No"
"0x72fff63b369312f74a740143e9d550607ddc55b1","1,556.700676464395605254","No"
"0x68e348dfa4f1ad59d59b447b3770d3fbb70fb755","1,513.476695458044413146","No"
"0x4f225bf56eeda47b42e185842c9c1556b654d603","1,477.660840940170586371","No"
"0x959bad62e8fd11582125b08e5dde95ec843310f0","1,438.494409374368925674","No"
"0xea211652325ea74cc1bda4ddba1fdf2bd8563f3b","1,433.672590545933837291","No"
"0x0cb4bd02f9cc0b8ec6cec30050ced71dd645e070","1,429.875659914378398018","No"
"0xdcb9e33fc048d2bfaa6cdd14df5e67a8bb102316","1,428.794882977285180782","No"
"0xcaddcce3adb0ebb3b278e5ed507b3984a050afa9","1,428.400387495939433503","No"
"0x400e21d6f4b819a51c5e8f54197a51ca37c3342d","1,383.853596715757179927","No"
"0xfbba96e69d91e70e510c1ed5223e5624e347b041","1,367.197134642454818459","No"
"0xa14a16374278ccdf87c19ca26ebd8853d36dc47a","1,276.834896977699750845","No"
"0x224bd398955107191b08d8695dc3cb7be8145cb7","1,263.607286165522155947","No"
"0xc53f35c1116d63cf2fc7306633bca4a33d609852","1,249.656802188755537457","No"
"0xae7e12b1c7de7ca66159f99a17bdf2f5ede9f59b","1,200.419157478286323602","No"
"0xb30bd81acba66ed31099d91d185bd4d6b5fcc8bc","1,129.698825525521542548","No"
"0x9ad4a47e223312b4d8b15d514bd1f7fb7ee6ab8b","1,116.685387068043076154","No"
"0x986bbde0f0cdf3374c799603d23bf2997a96f468","1,051.891388647613226139","No"
"0xbdfff91dfa551c8429398d9ca9349e2edf29fdcf","1,030.069988540225240257","No"
"0x4453e5fb9919f7ada4fe651bc33c3334dbf6f24a","1,025.279018572000370275","No"
"0x8d7c2504e40cf7a6dce976e77c8c9d5546b56003","1,011.276825560752208145","No"
"0xecdb596f5390431eafdc768694b7e49ccd4cbeb6","1,006.17707308961263025","No"
"0xa9b84e3d0ea8dc740c69186ddd7494bdf9d764df","964.490773400892182205","No"
"0xacc8cd1e12ef3a9b9a31c80b8489dacc2e8d1437","961.626725497016419114","No"
"0x7eb7ee711f184be2bff4314ee8a2419263b471c0","958.194081561009713842","No"
"0x6a652546b9aafb0ebf1a32e8b43c6c7ec95d40f7","939.712803683866138308","No"
"0xb421f99a2aef10cf0ee7861643c5d8ad56364dd1","920.49676085724899541","No"
"0xeef099234276beb9f643f38af027242309935d32","861.590759949131581766","No"
"0xd321c0464c254175c4d2fd88635fadf3de8bb3b0","856.490454616407986127","No"
"0xaea283989e4960070913e3d87c5419c545ff56c7","752.550255727336523312","No"
"0xcfe575285c4ab8f856c8f4f84f7d453c481ae371","720.689511082071791369","No"
"0xc2a9ffb1195803936ed7fd69a1ca3abfd3e65759","709.059560070404542708","No"
"0x6ca9fef2fc4204104f2c280f1098472eef1a7bf6","693.271446090183101547","No"
"0xac19ed7beee2948e1aa92f095bb7d23037f1ff79","690.341401891751268207","No"
"0xde35a018754a891fb1926fae6881c37d6f50ebed","680.678392002136497087","No"
"0xf4b59b3ee5686930a00e94f6790fb9e8ed53b4fc","653.416220178649202258","No"
"0xa9b1d4a07cf16b9ff8209494cd1838b226a15923","651.560056092790969241","No"
"0xe603b5097e98bb82431c08cb9927625690d8a297","616.996928498362751747","No"
"0x64d3e4876d885f18a5146746e786852cae5d8824","612.208178844190265321","No"
"0x6881b744f178cbd8b048e9b7f6456636aa0e73e7","608.522561905500822747","No"
"0xba0bff1ac2b4663d39fd74ab682202d299846f96","605.430760833193935971","No"
"0x37865b43ff95b819a97543658db8dee801ea9c7c","576.327195972614272156","No"
"0xb9dbb32888b3dbd196a33b5b570d0f1d9be83810","575.729034987930615331","No"
"0x4452c8e550dc237e70070b9dd96d81096f4750f5","560.220640249555799539","No"
"0x3be98a7e402022d2a616001348f0daafece24d71","539.524148111151324535","No"
"0x7599cb65a4ae2f56f3da0d877886ebe8c6b604f8","529.486469679118027803","No"
"0xbdcb41c73274eceded3e9ade6e212d062fb4c24f","526.728526970430909255","No"
"0x6f27ac0e6317d464cf41ed0e7a7ded1acae97822","520.816074839647212821","No"
"0x76adf1e55ac7631fdc60e058fd89a4b2729dad2b","519.114434810356934175","No"
"0x75a3757083601034d38fa6debc6fff7f4e059455","517.36757026367512554","No"
"0x59738baa14c195f7524a350d0fd5776fdd07bcf6","514.869160062882460945","No"
"0x9258fbcddf8174c5b13264297fc8379d00d04115","513.541007647945140698","No"
"0x248074f5e3dc0a789317da43113cd269d77b7074","509.029951643031559131","No"
"0x7e90ffdc95d7fe6ce880dc535073acfc589362dc","507.665885015310651215","No"
"0x86f86ceac6796706661905be34ffe4f2b5181d02","506.266724487878640572","No"
"0x933dc08069bcc65d217abdd76847e4fd6cb532ea","504.28703570617638747","No"
"0x839a4135b5852391d5a2e6940f8021cc3b7f304f","504.136066847549819807","No"
"0xbe53d8ff28ab9511af31403284bd831faf6fb263","503.331083432634188984","No"
"0x71d3d907f421cea3b502012160723f53f0d732bf","502.056880154184514383","No"
"0xb3033677d7f8161aa1d6c445835548f21fa07f5d","501.760101861060748718","No"
"0x30a82c5a2457023d7391428dffb606cc51d8c0ad","501.030687495341425822","No"
"0xf1cd6ad71697a0ed04d17d5550b69fa788918826","497.902390695857140208","No"
"0xbe92ff89bd24ed3b95f9db0c119edbe6c810eab8","497.738937735052222783","No"
"0x0bbc21c238b07f10c95f9f8c61f450a7754e0fe3","497.719528495540840042","No"
"0x94cac6052e16efd80f97b241a258336859cf4d69","494.021143497884697383","No"
"0x17cc7da7c074865acfb48d0737c6f81cfa647001","488.377407364439789432","No"
"0x21dc1ade6498739f95b69d43bb4ad6063d2ad7b1","487.706585750247095292","No"
"0x4cd90ba1347c5b25b2805361aa83f848ec1992a9","485.686098496053642808","No"
"0x027e9e776288b5682ef263da5ddb7a415dbd4f4f","482.234216000673615472","No"
"0x89b64a18fc8080f77e2889b064dd387aefb0a806","480.857191814260999446","No"
"0x030b277dbffd53ebbaffca6add3865c6cbd028a0","478.56069675213024387","No"
"0x92f1bae0681c3e8b04f83688a013255d0533b647","478.385740054604582358","No"
"0x630b1117ba7eda4d97090b7b146eaa1dd1712ad5","461.5433384980653085","No"
"0x55e06688f9a18be5eabd00fc5e6971ee553b9354","456.289156886640674977","No"
"0xde66886845fffaf977f92cbaab24a39baa3cf3ed","449.689394663168520337","No"
"0x80f857dc2ceb828466fb43191d98d1775079ab5c","445.882976037894522788","No"
"0x1351ce6778ccd8e34fc77290bcbcdaa8059702d0","428.773119138319465598","No"
"0x55ac36482b1a9e8b5b144746c26328806f4840f6","422.327656683022694872","No"
"0x1a2a4335838ed85ea35296bbeb022b0600677186","421.895173575730942423","No"
"0x3d32d1bd9f8f1a7cda4efda1d52799b721e117a0","393.920675992573337772","No"
"0x4546480409a26c0b3633c8bd7beb16e09465f65e","381.395663371077688045","No"
"0xd6a2a89aff9c19f26724e4ba7934b6accda79a81","366.06547296724962475","No"
"0xad72234b8ffb917a9d20508a9a3aab50b6646531","358.898616177102534566","No"
"0x2b384055f3de5ae10ee3663cf178f3eed81645d0","292.897393037907054098","No"
"0x6f5774bfe42daae6da846a43864899fb5b74a007","257.136889675748183899","No"
"0x5d95d8768b4db7a4f7602e00e25aaefce0ae3d59","253.394256476426312706","No"
"0x23f7279377c7debfcb10fba60515825a2264e9af","251.198191677214268336","No"
"0x6eac6f7c54af289d5b5223341da827045a64b1f3","248.850321877701787108","No"
"0x942114d2222af79422d11ddb0a96ddf2997fecb9","239.356480649637440516","No"
"0xcb38f5cd6e9ea980b50faf618d75d3c9bc8f51f7","234.398969327045510641","No"
"0xf3e91fa5e69abf0ebb28d826001f391400bb0db4","233.940234135846395238","No"
"0x3de99875c74e424c07be3bfff93731aac2e5f95f","227.004156806396216566","No"
"0xc546bc279dbb5da82497bf2c6dd8a85081557ea9","202.163018179800266719","No"
"0x781b6a41266957a991d1ce1df510b2315830351b","199.870038862751804128","No"
"0xea0905234ef7f360e303037779de84ac8eba6472","181.777335543326134427","No"
"0x0d69bf20a4a00cbebc569e4bef27a78dcb4c0880","166.670279161927455478","No"
"0x15f66042c1424cc9e82891c8696f583e05c96925","158.085701411082207999","No"
"0xaa62cf7caaf0c7e50deaa9d5d0b907472f00b258","155.595067451104226251","No"
"0x729e9c514c672c375237bc60e023d693eb280a32","154.538788400436195039","No"
"0xb0ee9d87517e6ea01761db0adc9d76ab99ac7f7b","149.490482196048339767","No"
"0x203a046aafe8ca40eadc73e004c629d0333d873d","145.862610282671319468","No"
"0x1ddebf46a7966ce938ce217ad18366346edb0447","140.217949134846842047","No"
"0xfc64f74b12abc714ebc910ad0f6fb35f9167cdb7","112.244691960666126037","No"
"0xb6fc7d8c590f7fcb64c1708e0c74a6d9fa9fdf44","104.954092632074230698","No"
"0xde0a832ade7970e4379e72f8770d6557cdb8f037","99.998046952840030238","No"
"0x7e5c1a665bfd595a8de3ac91dabb37a65db04096","99.419581504175076706","No"
"0x5867f00230851a0846aa7fd330313fcfc58a358e","86.515087621857916764","No"
"0xc3a6ca7f4cf2a5017b5cd08c5caa6a15621a6ba1","84.12767209680727294","No"
"0xd582d39460924b680d6c1d6001444438a96f6a5a","62.451027026885046036","No"
"0x8e76c168588040137f3e3db4b7f4e3be6f7c1eb0","50.015967490345294706","No"
"0xc035045538eec9ffe27a79a1d386f09ab0d282c1","48.010890881533874554","No"
"0x2b2cd8a73b45e9cb1c035f1528ac571031e366f3","47.905862853351390638","No"
"0x3bc20fca4928e79f210c4764c1175af211789a00","46.090133494538339352","No"
"0x7f414912103af13f9bb66e2af80e0d9a49b694e7","25.583556812614291899","No"
"0x5da037aecc9bd9af65a1d6461f73ff66db3dfbce","19.325978575930170433","No"
"0x745499bc15eb2b26e656b1d48170b4dc706643e8","8.987252371363691731","No"
"0x8ff5c3138aaf03ee0937423fd84b46ce299fae9f","5.705280559401595926","No"
"0xcc6447d8d08fe14d09373312e750ebefc308306d","4.778953113387804022","No"
"0xe051c5ac06664a4f7ab30371420c04d0f8cd75e1","1.89891813157345483","No"
"0xe95176df139a93d706655b32df087a97e212b78e","0.53917595806886623","No"
"0x2d9a101ec688b1eab0ad5af6146b741a4ec0344f","0.511589538978525054","No"
"0x1fccc097db89a86bfc474a1028f93958295b1fb7","0.048466835191377274","No"
"0xf0c09d91aa30e491e1a3a20c6fd35838257e2648","0.000000007398588972","No"
"0xb90062471da1810a287df22776e4374fef96e345","0.000000000000972031","No"
"0x0000000000000000000000000000000000000001","0.000000000000001","No"
